,title,envios,ventas,ratio_ventas
0,Pep Cardigan one,22,22,100.0
1,Susanne Cardigan gold,22,22,100.0
2,Onlblush Jeans mid,5080,3804,74.88188976377953
3,Amatista Shorts cerise,968,704,72.72727272727273
4,Nimbim Shirt lez,1870,1342,71.76470588235294
5,Jrzeronova Jeans noos,462,330,71.42857142857143
6,Vmcallie Jacket bomber,616,440,71.42857142857143
7,Maggie T-Shirt flamingo,990,704,71.11111111111111
8,Jade Top cerise,5456,3652,66.93548387096774
9,Lenka Pants phase,66,44,66.66666666666666
